almanac_section,coverage_in_design_reservoir,handling
Publisher / Knowledge of Design,Included,"Knowledge of Design and Knowledge Vault are active Reservoir records."
Design Atlas — 356 disciplines,Included,"All 356 disciplines are stored in data/design-atlas.csv and published as a searchable Design Atlas at /atlas/."
Breaking the Silos,Source content retained,"Editorial/reference content is preserved in the Almanac source; it is not an external resource and therefore is not turned into a fake directory record."
Mentorship & Pathways,Included,"All named current pathways are active Reservoir records. The generic 'design residencies & fellowships' category is logged in data/almanac-review.csv for future expansion."
Design Futures — Signals and Stats,Included,"The two named research sources (Designer Fund and Figma) are active Reservoir research-report records."
Top Global Anchors,Accounted for,"Non-design-week recurring platforms are included in Design Reservoir; design weeks/festivals are routed to the separate Design Weeks Index."
Global Design and Architecture Days,Included,"All named observances are active Reservoir reference records with populated tags."
Events Calendar 2026,Accounted for,"Every non-design-week recurring current platform identified in the Almanac has been routed into Design Reservoir. Design-week/festival entries are routed to the separate Design Weeks Index. Changed, retired, generic, or unverified entries are logged in data/almanac-review.csv instead of being silently published."
Organizations to Know,Included,"Named organizations are active Reservoir records."
Organizations Directory,Included,"Named organizations are active Reservoir records."
Design Museums,Included with review exception,"Current named museums and collections are active Reservoir records. Design Exchange is logged in data/almanac-review.csv because its museum status changed."
By Region,Used as coverage metadata,"The regional page is a geographic index to entities already represented elsewhere; it is used as a coverage check rather than duplicated as standalone resources."
Contact / Knowledge Vault,Included,"Knowledge of Design and Knowledge Vault are represented in the Reservoir."
