family,discipline,source
Architecture & the Built Environment,Architecture,The Design Almanac 2026 (revised)
Architecture & the Built Environment,Landscape architecture,The Design Almanac 2026 (revised)
Architecture & the Built Environment,Urban design,The Design Almanac 2026 (revised)
Architecture & the Built Environment,Urban planning,The Design Almanac 2026 (revised)
Architecture & the Built Environment,Interior architecture,The Design Almanac 2026 (revised)
Architecture & the Built Environment,Structural design,The Design Almanac 2026 (revised)
Architecture & the Built Environment,Facade design,The Design Almanac 2026 (revised)
Architecture & the Built Environment,Parametric architecture,The Design Almanac 2026 (revised)
Architecture & the Built Environment,Computational architecture,The Design Almanac 2026 (revised)
Architecture & the Built Environment,Sustainable architecture,The Design Almanac 2026 (revised)
Architecture & the Built Environment,Regenerative architecture,The Design Almanac 2026 (revised)
Architecture & the Built Environment,Passive design,The Design Almanac 2026 (revised)
Architecture & the Built Environment,Vernacular architecture,The Design Almanac 2026 (revised)
Architecture & the Built Environment,Heritage conservation,The Design Almanac 2026 (revised)
Architecture & the Built Environment,Adaptive reuse,The Design Almanac 2026 (revised)
Architecture & the Built Environment,Historic preservation,The Design Almanac 2026 (revised)
Architecture & the Built Environment,Building information modeling,The Design Almanac 2026 (revised)
Architecture & the Built Environment,Housing design,The Design Almanac 2026 (revised)
Architecture & the Built Environment,Public space design,The Design Almanac 2026 (revised)
Architecture & the Built Environment,Infrastructure design,The Design Almanac 2026 (revised)
Architecture & the Built Environment,Transit and mobility architecture,The Design Almanac 2026 (revised)
Architecture & the Built Environment,Healthcare architecture,The Design Almanac 2026 (revised)
Architecture & the Built Environment,Educational architecture,The Design Almanac 2026 (revised)
Architecture & the Built Environment,Hospitality architecture,The Design Almanac 2026 (revised)
Architecture & the Built Environment,Retail architecture,The Design Almanac 2026 (revised)
Architecture & the Built Environment,Acoustic design,The Design Almanac 2026 (revised)
Architecture & the Built Environment,Architectural lighting,The Design Almanac 2026 (revised)
Architecture & the Built Environment,Environmental design,The Design Almanac 2026 (revised)
Architecture & the Built Environment,Bioclimatic design,The Design Almanac 2026 (revised)
Architecture & the Built Environment,Transdisciplinary practice,The Design Almanac 2026 (revised)
Architecture & the Built Environment,Climate and environmental engineering design,The Design Almanac 2026 (revised)
Architecture & the Built Environment,Cultural heritage management,The Design Almanac 2026 (revised)
Architecture & the Built Environment,Museology,The Design Almanac 2026 (revised)
Architecture & the Built Environment,Disaster and resilience design,The Design Almanac 2026 (revised)
"Spatial, Interior & Experiential",Interior design,The Design Almanac 2026 (revised)
"Spatial, Interior & Experiential",Exhibition design,The Design Almanac 2026 (revised)
"Spatial, Interior & Experiential",Scenography,The Design Almanac 2026 (revised)
"Spatial, Interior & Experiential",Set and prop design,The Design Almanac 2026 (revised)
"Spatial, Interior & Experiential",Retail design,The Design Almanac 2026 (revised)
"Spatial, Interior & Experiential",Retail experience design,The Design Almanac 2026 (revised)
"Spatial, Interior & Experiential",Hospitality design,The Design Almanac 2026 (revised)
"Spatial, Interior & Experiential",Workplace design,The Design Almanac 2026 (revised)
"Spatial, Interior & Experiential",Museum design,The Design Almanac 2026 (revised)
"Spatial, Interior & Experiential",Wayfinding design,The Design Almanac 2026 (revised)
"Spatial, Interior & Experiential",Environmental graphic design,The Design Almanac 2026 (revised)
"Spatial, Interior & Experiential",Signage design,The Design Almanac 2026 (revised)
"Spatial, Interior & Experiential",Placemaking,The Design Almanac 2026 (revised)
"Spatial, Interior & Experiential",Community placemaking,The Design Almanac 2026 (revised)
"Spatial, Interior & Experiential",Tactical urbanism,The Design Almanac 2026 (revised)
"Spatial, Interior & Experiential",Event design,The Design Almanac 2026 (revised)
"Spatial, Interior & Experiential",Experiential design,The Design Almanac 2026 (revised)
"Spatial, Interior & Experiential",Immersive design,The Design Almanac 2026 (revised)
"Spatial, Interior & Experiential",Themed entertainment design,The Design Almanac 2026 (revised)
"Spatial, Interior & Experiential",Spatial computing design,The Design Almanac 2026 (revised)
"Spatial, Interior & Experiential",Lighting design,The Design Almanac 2026 (revised)
"Spatial, Interior & Experiential",Sensory design,The Design Almanac 2026 (revised)
"Spatial, Interior & Experiential",Furniture design,The Design Almanac 2026 (revised)
"Spatial, Interior & Experiential",Kitchen and bath design,The Design Almanac 2026 (revised)
"Product, Industrial & Material",Industrial design,The Design Almanac 2026 (revised)
"Product, Industrial & Material",Product design,The Design Almanac 2026 (revised)
"Product, Industrial & Material",Furniture design,The Design Almanac 2026 (revised)
"Product, Industrial & Material",Transportation design,The Design Almanac 2026 (revised)
"Product, Industrial & Material",Automotive design,The Design Almanac 2026 (revised)
"Product, Industrial & Material",Mobility design,The Design Almanac 2026 (revised)
"Product, Industrial & Material",Packaging design,The Design Almanac 2026 (revised)
"Product, Industrial & Material",Toy design,The Design Almanac 2026 (revised)
"Product, Industrial & Material",Appliance design,The Design Almanac 2026 (revised)
"Product, Industrial & Material",Tool design,The Design Almanac 2026 (revised)
"Product, Industrial & Material",Medical device design,The Design Almanac 2026 (revised)
"Product, Industrial & Material",Consumer electronics design,The Design Almanac 2026 (revised)
"Product, Industrial & Material",Ergonomics and human factors,The Design Almanac 2026 (revised)
"Product, Industrial & Material","CMF design (color, material, finish)",The Design Almanac 2026 (revised)
"Product, Industrial & Material",Materials design,The Design Almanac 2026 (revised)
"Product, Industrial & Material",Materials research,The Design Almanac 2026 (revised)
"Product, Industrial & Material",Circular design,The Design Almanac 2026 (revised)
"Product, Industrial & Material",Design for repair,The Design Almanac 2026 (revised)
"Product, Industrial & Material",Design for disassembly,The Design Almanac 2026 (revised)
"Product, Industrial & Material",Repair and maintenance design,The Design Almanac 2026 (revised)
"Product, Industrial & Material",Manufacturing design,The Design Almanac 2026 (revised)
"Product, Industrial & Material",Design for additive manufacturing,The Design Almanac 2026 (revised)
"Product, Industrial & Material",Computational fabrication,The Design Almanac 2026 (revised)
"Product, Industrial & Material",Digital fabrication,The Design Almanac 2026 (revised)
"Product, Industrial & Material",Robotics design,The Design Almanac 2026 (revised)
"Product, Industrial & Material",Soft robotics and wearables,The Design Almanac 2026 (revised)
"Product, Industrial & Material",Design engineering,The Design Almanac 2026 (revised)
"Product, Industrial & Material",Jewelry design,The Design Almanac 2026 (revised)
"Product, Industrial & Material",Watch design,The Design Almanac 2026 (revised)
"Product, Industrial & Material",Eyewear design,The Design Almanac 2026 (revised)
"Product, Industrial & Material",Ceramics design,The Design Almanac 2026 (revised)
"Product, Industrial & Material",Glass design,The Design Almanac 2026 (revised)
"Product, Industrial & Material",Metalwork design,The Design Almanac 2026 (revised)
Communication & Graphic,Graphic design,The Design Almanac 2026 (revised)
Communication & Graphic,Visual communication design,The Design Almanac 2026 (revised)
Communication & Graphic,Brand identity design,The Design Almanac 2026 (revised)
Communication & Graphic,Logo and mark design,The Design Almanac 2026 (revised)
Communication & Graphic,Typography,The Design Almanac 2026 (revised)
Communication & Graphic,Type design,The Design Almanac 2026 (revised)
Communication & Graphic,Lettering,The Design Almanac 2026 (revised)
Communication & Graphic,Calligraphy,The Design Almanac 2026 (revised)
Communication & Graphic,Editorial design,The Design Almanac 2026 (revised)
Communication & Graphic,Publication design,The Design Almanac 2026 (revised)
Communication & Graphic,Book design,The Design Almanac 2026 (revised)
Communication & Graphic,Book arts,The Design Almanac 2026 (revised)
Communication & Graphic,Letterpress,The Design Almanac 2026 (revised)
Communication & Graphic,Risograph and print craft,The Design Almanac 2026 (revised)
Communication & Graphic,Poster design,The Design Almanac 2026 (revised)
Communication & Graphic,Information design,The Design Almanac 2026 (revised)
Communication & Graphic,Data visualization,The Design Almanac 2026 (revised)
Communication & Graphic,Infographic design,The Design Almanac 2026 (revised)
Communication & Graphic,Iconography,The Design Almanac 2026 (revised)
Communication & Graphic,Illustration,The Design Almanac 2026 (revised)
Communication & Graphic,Editorial illustration,The Design Almanac 2026 (revised)
Communication & Graphic,Motion design,The Design Almanac 2026 (revised)
Communication & Graphic,Title and broadcast design,The Design Almanac 2026 (revised)
Communication & Graphic,Packaging graphics,The Design Almanac 2026 (revised)
Communication & Graphic,Environmental graphics,The Design Almanac 2026 (revised)
Communication & Graphic,Advertising design,The Design Almanac 2026 (revised)
Communication & Graphic,Experience design,The Design Almanac 2026 (revised)
Communication & Graphic,Design systems,The Design Almanac 2026 (revised)
Communication & Graphic,Identity systems,The Design Almanac 2026 (revised)
Communication & Graphic,Design token governance,The Design Almanac 2026 (revised)
Communication & Graphic,AI-readable design systems,The Design Almanac 2026 (revised)
Communication & Graphic,MCP-ready design systems,The Design Almanac 2026 (revised)
Communication & Graphic,Component intelligence design,The Design Almanac 2026 (revised)
Communication & Graphic,Scalable design systems,The Design Almanac 2026 (revised)
Communication & Graphic,Design-to-code QA,The Design Almanac 2026 (revised)
Communication & Graphic,Prompt-to-production prototyping,The Design Almanac 2026 (revised)
"Digital, Interaction & Product",User experience (UX) design,The Design Almanac 2026 (revised)
"Digital, Interaction & Product",User interface (UI) design,The Design Almanac 2026 (revised)
"Digital, Interaction & Product",Interaction design,The Design Almanac 2026 (revised)
"Digital, Interaction & Product",Digital product design,The Design Almanac 2026 (revised)
"Digital, Interaction & Product",Web design,The Design Almanac 2026 (revised)
"Digital, Interaction & Product",Mobile app design,The Design Almanac 2026 (revised)
"Digital, Interaction & Product",Service design,The Design Almanac 2026 (revised)
"Digital, Interaction & Product",Content design,The Design Almanac 2026 (revised)
"Digital, Interaction & Product",UX writing,The Design Almanac 2026 (revised)
"Digital, Interaction & Product",Conversation design,The Design Almanac 2026 (revised)
"Digital, Interaction & Product",Voice interface design,The Design Almanac 2026 (revised)
"Digital, Interaction & Product",Design systems engineering,The Design Almanac 2026 (revised)
"Digital, Interaction & Product",Accessibility design,The Design Almanac 2026 (revised)
"Digital, Interaction & Product",Inclusive design,The Design Almanac 2026 (revised)
"Digital, Interaction & Product",Information architecture,The Design Almanac 2026 (revised)
"Digital, Interaction & Product",Human-computer interaction,The Design Almanac 2026 (revised)
"Digital, Interaction & Product",Physical computing,The Design Almanac 2026 (revised)
"Digital, Interaction & Product",Tangible interaction design,The Design Almanac 2026 (revised)
"Digital, Interaction & Product",Human-robot interaction,The Design Almanac 2026 (revised)
"Digital, Interaction & Product",Game design,The Design Almanac 2026 (revised)
"Digital, Interaction & Product",Level design,The Design Almanac 2026 (revised)
"Digital, Interaction & Product",Narrative design,The Design Almanac 2026 (revised)
"Digital, Interaction & Product",Game UX design,The Design Almanac 2026 (revised)
"Digital, Interaction & Product",Sound design,The Design Almanac 2026 (revised)
"Digital, Interaction & Product",Software design,The Design Almanac 2026 (revised)
"Digital, Interaction & Product",Augmented reality (AR) design,The Design Almanac 2026 (revised)
"Digital, Interaction & Product",Virtual reality (VR) design,The Design Almanac 2026 (revised)
"Digital, Interaction & Product",XR design,The Design Almanac 2026 (revised)
"Digital, Interaction & Product",Generative design,The Design Almanac 2026 (revised)
"Digital, Interaction & Product",Computational design,The Design Almanac 2026 (revised)
"Digital, Interaction & Product",Creative coding,The Design Almanac 2026 (revised)
"Digital, Interaction & Product",AI interaction design,The Design Almanac 2026 (revised)
"Digital, Interaction & Product",Machine learning UX,The Design Almanac 2026 (revised)
"Digital, Interaction & Product",Responsible AI design,The Design Almanac 2026 (revised)
"Digital, Interaction & Product",Prompt and model design,The Design Almanac 2026 (revised)
"Digital, Interaction & Product",Customer experience (CX) design,The Design Almanac 2026 (revised)
"Digital, Interaction & Product",Employee experience (EX) design,The Design Almanac 2026 (revised)
"Digital, Interaction & Product",Business architecture,The Design Almanac 2026 (revised)
"Digital, Interaction & Product",AI-native UX,The Design Almanac 2026 (revised)
"Digital, Interaction & Product",Agentic workflow design,The Design Almanac 2026 (revised)
"Digital, Interaction & Product",AI orchestration design,The Design Almanac 2026 (revised)
"Digital, Interaction & Product",Prompt design for UI,The Design Almanac 2026 (revised)
"Digital, Interaction & Product",AI design governance,The Design Almanac 2026 (revised)
"Digital, Interaction & Product",Design systems for AI,The Design Almanac 2026 (revised)
"Digital, Interaction & Product",Human-AI collaboration design,The Design Almanac 2026 (revised)
"Digital, Interaction & Product",AI evaluation and oversight design,The Design Almanac 2026 (revised)
"Digital, Interaction & Product",Design engineering with AI (vibe coding),The Design Almanac 2026 (revised)
"Digital, Interaction & Product",Conversational AI design,The Design Almanac 2026 (revised)
"Digital, Interaction & Product",Design operations (DesignOps),The Design Almanac 2026 (revised)
"Digital, Interaction & Product",Product research,The Design Almanac 2026 (revised)
"Digital, Interaction & Product",UX/UI design,The Design Almanac 2026 (revised)
"Digital, Interaction & Product",Visual design,The Design Almanac 2026 (revised)
"Digital, Interaction & Product",Conversational UX design,The Design Almanac 2026 (revised)
"Digital, Interaction & Product",AI experience design,The Design Almanac 2026 (revised)
"Digital, Interaction & Product",Data experience design,The Design Almanac 2026 (revised)
"Digital, Interaction & Product",Design for trust,The Design Almanac 2026 (revised)
"Digital, Interaction & Product",Inclusive experience design,The Design Almanac 2026 (revised)
"Digital, Interaction & Product",Personalization design,The Design Almanac 2026 (revised)
"Digital, Interaction & Product",Ethical experience design,The Design Almanac 2026 (revised)
"Digital, Interaction & Product",Emotionally intelligent design,The Design Almanac 2026 (revised)
"Digital, Interaction & Product",Autonomous experience design,The Design Almanac 2026 (revised)
"Digital, Interaction & Product",AI agent experience design,The Design Almanac 2026 (revised)
"Digital, Interaction & Product",Agentic interface design,The Design Almanac 2026 (revised)
"Digital, Interaction & Product",Copilot UX design,The Design Almanac 2026 (revised)
"Digital, Interaction & Product",Human oversight design,The Design Almanac 2026 (revised)
"Digital, Interaction & Product",Explainability interface design,The Design Almanac 2026 (revised)
"Digital, Interaction & Product",Trust calibration design,The Design Almanac 2026 (revised)
"Digital, Interaction & Product",AI failure mode design,The Design Almanac 2026 (revised)
"Digital, Interaction & Product",Escalation design,The Design Almanac 2026 (revised)
"Digital, Interaction & Product",AI safety UX,The Design Almanac 2026 (revised)
"Digital, Interaction & Product",Automation design,The Design Almanac 2026 (revised)
"Digital, Interaction & Product",Tooling and workflow design,The Design Almanac 2026 (revised)
"Digital, Interaction & Product",Open design and standards,The Design Almanac 2026 (revised)
"Digital, Interaction & Product",Decentralized experience design,The Design Almanac 2026 (revised)
"Fashion, Textile & Craft",Fashion design,The Design Almanac 2026 (revised)
"Fashion, Textile & Craft",Textile design,The Design Almanac 2026 (revised)
"Fashion, Textile & Craft",Surface design,The Design Almanac 2026 (revised)
"Fashion, Textile & Craft",Pattern design,The Design Almanac 2026 (revised)
"Fashion, Textile & Craft",Knitwear design,The Design Almanac 2026 (revised)
"Fashion, Textile & Craft",Footwear design,The Design Almanac 2026 (revised)
"Fashion, Textile & Craft",Accessories design,The Design Almanac 2026 (revised)
"Fashion, Textile & Craft",Costume design,The Design Almanac 2026 (revised)
"Fashion, Textile & Craft",Wearable technology design,The Design Almanac 2026 (revised)
"Fashion, Textile & Craft",Fiber art,The Design Almanac 2026 (revised)
"Fashion, Textile & Craft",Weaving,The Design Almanac 2026 (revised)
"Fashion, Textile & Craft",Embroidery design,The Design Almanac 2026 (revised)
"Fashion, Textile & Craft",Print and dye design,The Design Almanac 2026 (revised)
"Fashion, Textile & Craft",Leather design,The Design Almanac 2026 (revised)
"Fashion, Textile & Craft",Millinery,The Design Almanac 2026 (revised)
"Fashion, Textile & Craft",Craft and studio practice,The Design Almanac 2026 (revised)
"Fashion, Textile & Craft",Ceramics,The Design Almanac 2026 (revised)
"Fashion, Textile & Craft",Woodworking,The Design Almanac 2026 (revised)
"Fashion, Textile & Craft",Bookbinding,The Design Almanac 2026 (revised)
"Fashion, Textile & Craft",Papermaking,The Design Almanac 2026 (revised)
"Fashion, Textile & Craft",Glassblowing,The Design Almanac 2026 (revised)
"Fashion, Textile & Craft",Metalsmithing,The Design Almanac 2026 (revised)
"Fashion, Textile & Craft",Jewelry craft,The Design Almanac 2026 (revised)
"Fashion, Textile & Craft",Basketry,The Design Almanac 2026 (revised)
"Fashion, Textile & Craft",Traditional and Indigenous craft,The Design Almanac 2026 (revised)
"Social, Systems & Strategic",Service design,The Design Almanac 2026 (revised)
"Social, Systems & Strategic",Systems design,The Design Almanac 2026 (revised)
"Social, Systems & Strategic",Systemic design,The Design Almanac 2026 (revised)
"Social, Systems & Strategic",Transition design,The Design Almanac 2026 (revised)
"Social, Systems & Strategic",Strategic design,The Design Almanac 2026 (revised)
"Social, Systems & Strategic",Organizational design,The Design Almanac 2026 (revised)
"Social, Systems & Strategic",Business design,The Design Almanac 2026 (revised)
"Social, Systems & Strategic",Design strategy,The Design Almanac 2026 (revised)
"Social, Systems & Strategic",Policy design,The Design Almanac 2026 (revised)
"Social, Systems & Strategic",Public sector design,The Design Almanac 2026 (revised)
"Social, Systems & Strategic",Social design,The Design Almanac 2026 (revised)
"Social, Systems & Strategic",Humanitarian design,The Design Almanac 2026 (revised)
"Social, Systems & Strategic",Design for social innovation,The Design Almanac 2026 (revised)
"Social, Systems & Strategic",Behavioral design,The Design Almanac 2026 (revised)
"Social, Systems & Strategic",Health design,The Design Almanac 2026 (revised)
"Social, Systems & Strategic",Care design,The Design Almanac 2026 (revised)
"Social, Systems & Strategic",Design for equity,The Design Almanac 2026 (revised)
"Social, Systems & Strategic",Participatory design,The Design Almanac 2026 (revised)
"Social, Systems & Strategic",Co-design,The Design Almanac 2026 (revised)
"Social, Systems & Strategic",Community-led design,The Design Almanac 2026 (revised)
"Social, Systems & Strategic",Design for government,The Design Almanac 2026 (revised)
"Social, Systems & Strategic",Design justice,The Design Almanac 2026 (revised)
"Social, Systems & Strategic",Competition and procurement design,The Design Almanac 2026 (revised)
"Social, Systems & Strategic",Design management,The Design Almanac 2026 (revised)
"Social, Systems & Strategic",Design leadership,The Design Almanac 2026 (revised)
"Social, Systems & Strategic",Experience strategy,The Design Almanac 2026 (revised)
"Social, Systems & Strategic",Service strategy,The Design Almanac 2026 (revised)
"Social, Systems & Strategic",Innovation strategy,The Design Almanac 2026 (revised)
"Social, Systems & Strategic",Product strategy,The Design Almanac 2026 (revised)
"Social, Systems & Strategic",AI strategy design,The Design Almanac 2026 (revised)
"Social, Systems & Strategic",Transformation design,The Design Almanac 2026 (revised)
"Social, Systems & Strategic",Ecosystem strategy,The Design Almanac 2026 (revised)
"Social, Systems & Strategic",Platform strategy,The Design Almanac 2026 (revised)
"Social, Systems & Strategic",Sustainability strategy,The Design Almanac 2026 (revised)
"Social, Systems & Strategic",Ecosystem design,The Design Almanac 2026 (revised)
"Social, Systems & Strategic",Cross-sector service design,The Design Almanac 2026 (revised)
"Social, Systems & Strategic",Journey design,The Design Almanac 2026 (revised)
"Social, Systems & Strategic",Service blueprinting,The Design Almanac 2026 (revised)
"Social, Systems & Strategic",Operational design,The Design Almanac 2026 (revised)
"Social, Systems & Strategic",Change design,The Design Almanac 2026 (revised)
"Social, Systems & Strategic",Process design,The Design Almanac 2026 (revised)
"Social, Systems & Strategic",Policy and regulation design,The Design Almanac 2026 (revised)
"Social, Systems & Strategic",Systemic impact design,The Design Almanac 2026 (revised)
"Social, Systems & Strategic",Adaptive system design,The Design Almanac 2026 (revised)
"Social, Systems & Strategic",Regenerative service design,The Design Almanac 2026 (revised)
"Social, Systems & Strategic",Public service design,The Design Almanac 2026 (revised)
"Social, Systems & Strategic",Socio-technical design,The Design Almanac 2026 (revised)
"Social, Systems & Strategic",Complexity design,The Design Almanac 2026 (revised)
"Ecological, Bio & Regenerative",Ecological design,The Design Almanac 2026 (revised)
"Ecological, Bio & Regenerative",Regenerative design,The Design Almanac 2026 (revised)
"Ecological, Bio & Regenerative",Sustainable design,The Design Almanac 2026 (revised)
"Ecological, Bio & Regenerative",Biodesign,The Design Almanac 2026 (revised)
"Ecological, Bio & Regenerative",Biomimicry,The Design Almanac 2026 (revised)
"Ecological, Bio & Regenerative",Bio-fabrication,The Design Almanac 2026 (revised)
"Ecological, Bio & Regenerative",Synthetic biology design,The Design Almanac 2026 (revised)
"Ecological, Bio & Regenerative",Mycelium and living-material design,The Design Almanac 2026 (revised)
"Ecological, Bio & Regenerative",Material ecology,The Design Almanac 2026 (revised)
"Ecological, Bio & Regenerative",Food design,The Design Almanac 2026 (revised)
"Ecological, Bio & Regenerative",Agricultural design,The Design Almanac 2026 (revised)
"Ecological, Bio & Regenerative",Water design,The Design Almanac 2026 (revised)
"Ecological, Bio & Regenerative",Blue and marine design,The Design Almanac 2026 (revised)
"Ecological, Bio & Regenerative",Climate adaptation design,The Design Almanac 2026 (revised)
"Ecological, Bio & Regenerative",Energy design,The Design Almanac 2026 (revised)
"Ecological, Bio & Regenerative",Circular economy design,The Design Almanac 2026 (revised)
"Ecological, Bio & Regenerative",Zero-waste design,The Design Almanac 2026 (revised)
"Ecological, Bio & Regenerative",Green infrastructure design,The Design Almanac 2026 (revised)
"Ecological, Bio & Regenerative",Living systems design,The Design Almanac 2026 (revised)
"Ecological, Bio & Regenerative",Environmental restoration design,The Design Almanac 2026 (revised)
"Ecological, Bio & Regenerative",Permaculture design,The Design Almanac 2026 (revised)
"Speculative, Critical & Futures",Speculative design,The Design Almanac 2026 (revised)
"Speculative, Critical & Futures",Critical design,The Design Almanac 2026 (revised)
"Speculative, Critical & Futures",Design fiction,The Design Almanac 2026 (revised)
"Speculative, Critical & Futures",Futures design,The Design Almanac 2026 (revised)
"Speculative, Critical & Futures",Anticipatory design,The Design Almanac 2026 (revised)
"Speculative, Critical & Futures",Scenario design,The Design Almanac 2026 (revised)
"Speculative, Critical & Futures",Experiential futures,The Design Almanac 2026 (revised)
"Speculative, Critical & Futures",Foresight and horizon scanning,The Design Almanac 2026 (revised)
"Speculative, Critical & Futures",Discursive design,The Design Almanac 2026 (revised)
"Speculative, Critical & Futures",Adversarial design,The Design Almanac 2026 (revised)
"Speculative, Critical & Futures",Design for debate,The Design Almanac 2026 (revised)
"Speculative, Critical & Futures",Worldbuilding,The Design Almanac 2026 (revised)
"Speculative, Critical & Futures",Transition futures,The Design Almanac 2026 (revised)
"Speculative, Critical & Futures",Design for uncertainty,The Design Almanac 2026 (revised)
"Speculative, Critical & Futures",Post-human design,The Design Almanac 2026 (revised)
"Speculative, Critical & Futures",More-than-human design,The Design Almanac 2026 (revised)
"Speculative, Critical & Futures",Foresight and scenario design,The Design Almanac 2026 (revised)
"Speculative, Critical & Futures",Planet-centered design,The Design Almanac 2026 (revised)
"Speculative, Critical & Futures",Regenerative systems design,The Design Almanac 2026 (revised)
"Speculative, Critical & Futures",Climate service design,The Design Almanac 2026 (revised)
"Speculative, Critical & Futures",AI sustainability design,The Design Almanac 2026 (revised)
"Speculative, Critical & Futures",More-than-human service design,The Design Almanac 2026 (revised)
"Speculative, Critical & Futures",Digital twin design,The Design Almanac 2026 (revised)
"Speculative, Critical & Futures",Ambient experience design,The Design Almanac 2026 (revised)
"Research, Theory, History & Education",Design research,The Design Almanac 2026 (revised)
"Research, Theory, History & Education",Design theory,The Design Almanac 2026 (revised)
"Research, Theory, History & Education",Design history,The Design Almanac 2026 (revised)
"Research, Theory, History & Education",Design criticism,The Design Almanac 2026 (revised)
"Research, Theory, History & Education",Design writing,The Design Almanac 2026 (revised)
"Research, Theory, History & Education",Design pedagogy,The Design Almanac 2026 (revised)
"Research, Theory, History & Education",Design didactics,The Design Almanac 2026 (revised)
"Research, Theory, History & Education",Curriculum design,The Design Almanac 2026 (revised)
"Research, Theory, History & Education",Design education,The Design Almanac 2026 (revised)
"Research, Theory, History & Education",Studio and critique practice,The Design Almanac 2026 (revised)
"Research, Theory, History & Education",Ethnographic design research,The Design Almanac 2026 (revised)
"Research, Theory, History & Education",Design anthropology,The Design Almanac 2026 (revised)
"Research, Theory, History & Education",Practice-based research,The Design Almanac 2026 (revised)
"Research, Theory, History & Education",Research through design,The Design Almanac 2026 (revised)
"Research, Theory, History & Education",Material culture studies,The Design Almanac 2026 (revised)
"Research, Theory, History & Education",Visual culture studies,The Design Almanac 2026 (revised)
"Research, Theory, History & Education",Design curation,The Design Almanac 2026 (revised)
"Research, Theory, History & Education",Archival and collection practice,The Design Almanac 2026 (revised)
"Research, Theory, History & Education",Design publishing,The Design Almanac 2026 (revised)
"Research, Theory, History & Education",Academic journal editing,The Design Almanac 2026 (revised)
"Research, Theory, History & Education",Peer review and scholarship,The Design Almanac 2026 (revised)
"Research, Theory, History & Education",Decolonial design studies,The Design Almanac 2026 (revised)
"Research, Theory, History & Education",Cultural and postcolonial design studies,The Design Almanac 2026 (revised)
"Research, Theory, History & Education",Design and gender studies,The Design Almanac 2026 (revised)
"Research, Theory, History & Education",Design and disability studies,The Design Almanac 2026 (revised)
"Research, Theory, History & Education",Research and insights,The Design Almanac 2026 (revised)
"Research, Theory, History & Education",User research,The Design Almanac 2026 (revised)
"Research, Theory, History & Education",Data analysis,The Design Almanac 2026 (revised)
"Research, Theory, History & Education",Data strategy,The Design Almanac 2026 (revised)
"Research, Theory, History & Education",AI research and evaluation,The Design Almanac 2026 (revised)
"Research, Theory, History & Education",AI ethics and governance,The Design Almanac 2026 (revised)
"Research, Theory, History & Education",Data governance design,The Design Almanac 2026 (revised)
"Research, Theory, History & Education",Model evaluation design,The Design Almanac 2026 (revised)
"Research, Theory, History & Education",Synthetic research evaluation,The Design Almanac 2026 (revised)
"Research, Theory, History & Education",ResearchOps,The Design Almanac 2026 (revised)
"Research, Theory, History & Education",InsightOps,The Design Almanac 2026 (revised)
"Research, Theory, History & Education",Knowledge management,The Design Almanac 2026 (revised)
"Research, Theory, History & Education",NeuroDesign,Stanford NeuroDesign Research + 2026 field audit
"Digital, Interaction & Product",Data physicalization,ACM / Springer 2026 + Design Research Society
