name,city,country,region,format,edition,description,url,keywords,status,last_checked,source
3daysofdesign,Copenhagen,Denmark,Europe,Design Festival,"10–12 June 2026","Copenhagen's citywide design festival with showrooms, exhibitions, launches, talks and workshops across furniture, interiors, craft and product design.",https://www.3daysofdesign.dk/,"furniture; interiors; product design; craft; showrooms",Verified,2026-09-30,"The Design Almanac 2026 + official site"
Bangkok Design Week,Bangkok,Thailand,Asia,Design Week,"29 January–8 February 2026","Southeast Asian citywide design festival presenting hundreds of creative programs across Bangkok's design districts.",https://www.bangkokdesignweek.com/,"urban design; creative economy; exhibitions; public space; Thailand",Verified,2026-09-30,"The Design Almanac 2026 + official site"
Barcelona Design Week,Barcelona,Spain,Europe,Design Week,"14–25 October 2026","Annual citywide design event connecting creativity, experimentation, innovation and public programming across Barcelona.",https://barcelonadesignweek.com/en/,"innovation; prototypes; urban design; creativity; Spain",Verified,2026-09-30,"The Design Almanac 2026 + official site"
Berlin Design Week,Berlin,Germany,Europe,Design Week,"28–31 May 2026","Berlin platform bringing product, interior, architecture, branding and digital design into a citywide program focused on contemporary design.",https://berlindesignweek.com/en/,"product design; interiors; architecture; branding; digital",Verified,2026-09-30,"The Design Almanac 2026 + official site"
Cairo Design Week,Cairo,Egypt,Africa,Design Week,"2026 edition announced","Egyptian design platform spanning exhibitions, installations, talks and collaborations across Cairo's creative districts.",https://cairodesignweek.net/,"Egypt; interiors; architecture; exhibitions; creative industries",Verified,2026-09-30,"The Design Almanac 2026 + official site"
Dallas Design Week,Dallas,United States,North America,Design Week,"15–17 September 2026","Dallas Market Center's design program for the interiors and home-design community, combining business education, talks, forecasts and networking.",https://www.dallasmarketcenter.com/calendar/,"interior design; business; home design; Dallas; professional development",Verified,2026-09-30,"The Design Almanac 2026 + official site"
DC Design Week,"Washington, D.C.",United States,North America,Design Week,"1–10 October 2026","Citywide design program hosted by AIGA DC with talks, workshops, archives, exhibitions, walks and gatherings across design disciplines.",https://www.dcdesignweek.org/,"graphic design; research; workshops; exhibitions; Washington DC",Verified,2026-09-30,"The Design Almanac 2026 + official site"
Design Week Lagos,Lagos,Nigeria,Africa,Design Week,"October 2026","Pan-African citywide design platform connecting creativity, industry, culture and innovation through exhibitions, talks, workshops and open studios.",https://designweeklagos.com/,"Africa; creative economy; product design; interiors; culture",Verified,2026-09-30,"The Design Almanac 2026 + official site"
Design Week South Africa,"Johannesburg & Cape Town",South Africa,Africa,Design Week,"Johannesburg 8–11 October; Cape Town 22–25 October 2026","Two-city annual design platform presenting exhibitions, studio tours, installations, talks and workshops across South Africa's creative sectors.",https://designweeksouthafrica.com/,"South Africa; exhibitions; studios; creative industries; architecture",Verified,2026-09-30,"The Design Almanac 2026 + official site"
Dubai Design Week,Dubai,United Arab Emirates,Middle East,Design Week,"2026 edition","Gulf design festival centered in Dubai Design District with installations, exhibitions, workshops, commissions and Downtown Design.",https://www.dubaidesignweek.ae/,"Middle East; interiors; architecture; installations; design market",Verified,2026-09-30,"The Design Almanac 2026 + official site"
Dutch Design Week,Eindhoven,Netherlands,Europe,Design Week,"17–25 October 2026","Nine-day festival presenting experimental, future-facing and socially engaged design across Eindhoven.",https://ddw.nl/en,"futures; social design; innovation; exhibitions; Netherlands",Verified,2026-09-30,"The Design Almanac 2026 + official site"
Helsinki Design Week,Helsinki,Finland,Europe,Design Week,"28 August–6 September 2026","Annual urban design and architecture festival with exhibitions, open studios, markets, talks and public programming across Helsinki.",https://helsinkidesignweek.com/?lang=en,"Nordic design; architecture; open studios; public design; Finland",Verified,2026-09-30,"The Design Almanac 2026 + official site"
Lisbon Design Week,Lisbon,Portugal,Europe,Design Week,"27–31 May 2026","Citywide program focused on contemporary design and high craft, bringing makers, studios and venues together across Lisbon.",https://lisbondesignweek.com/,"craft; collectible design; makers; interiors; Portugal",Verified,2026-09-30,"The Design Almanac 2026 + official site"
London Design Festival,London,United Kingdom,Europe,Design Festival,"12–20 September 2026","Major citywide festival promoting London design through installations, institutions, design districts, exhibitions and the Global Design Forum.",https://londondesignfestival.com/,"London; installations; design districts; museums; global design",Verified,2026-09-30,"The Design Almanac 2026 + official site"
Melbourne Design Week,Melbourne,Australia,Oceania,Design Week,"14–24 May 2026","Australia-wide platform centered in Melbourne with hundreds of programs across architecture, product, interiors, technology, fashion and design research.",https://designweek.melbourne/,"Australia; architecture; product design; research; exhibitions",Verified,2026-09-30,"The Design Almanac 2026 + official site"
Milan Design Week / Fuorisalone,Milan,Italy,Europe,Design Week,"20–26 April 2026","Citywide network of events, installations, exhibitions and design districts held alongside Salone del Mobile and collectively forming Milan Design Week.",https://www.fuorisalone.it/en,"furniture; interiors; installations; design districts; Milan",Verified,2026-09-30,"The Design Almanac 2026 + official site"
Nairobi Design Week,Nairobi,Kenya,Africa,Design Week,"Official site relaunching","Independent Kenyan design platform connecting design, culture, creativity and community in Nairobi.",https://www.nairobi.design/,"Kenya; Africa; community; creative economy; design culture",Verified,2026-09-30,"The Design Almanac 2026 + official site"
NYCxDESIGN Festival,New York,United States,North America,Design Festival,"14–20 May 2026","New York City's annual design celebration with programs across the five boroughs, including exhibitions, talks, installations, studios and public events.",https://www.nycxdesign.org/,"New York; exhibitions; architecture; product design; public design",Verified,2026-09-30,"The Design Almanac 2026 + official site"
Paris Design Week,Paris,France,Europe,Design Week,"10–19 September 2026","Citywide design event tied to Maison&Objet, bringing hundreds of showrooms, galleries, studios, museums and emerging designers into a public program.",https://www.maison-objet.com/en/paris-design-week,"Paris; interiors; emerging designers; galleries; showrooms",Verified,2026-09-30,"The Design Almanac 2026 + official site"
Stockholm Design Week,Stockholm,Sweden,Europe,Design Week,"2027 edition announced","Citywide Scandinavian design platform organized by Stockholm Furniture Fair, connecting showrooms, exhibitions, product launches and industry events.",https://stockholmdesignweek.com/,"Scandinavian design; furniture; interiors; showrooms; Sweden",Verified,2026-09-30,"The Design Almanac 2026 + official site"
Vienna Design Week,Vienna,Austria,Europe,Design Week,"25 September–4 October 2026","Ten-day city festival spanning product, furniture, industrial, graphic and experimental design through exhibitions, workshops and talks.",https://www.viennadesignweek.at/en/,"Austria; product design; craft; social design; exhibitions",Verified,2026-09-30,"The Design Almanac 2026 + official site"
Zurich Design Weeks,Zurich,Switzerland,Europe,Design Week,"17–27 September 2026","Switzerland's citywide design festival connecting designers, showrooms, brands and institutions through exhibitions, tours, talks and workshops.",https://designweeks.ch/,"Switzerland; exhibitions; showrooms; workshops; multidisciplinary",Verified,2026-09-30,"The Design Almanac 2026 + official site"
