method_id,method,what_it_does,best_used_for,evidence_input,kod_application,caution,status
SDM-001,Horizon Scanning,"Systematically searches across social, technological, economic, environmental, political, cultural, and institutional change for early evidence of movement.","Building a broad evidence base before selecting signals or scenarios.","Current sources, field observations, specialist publications, participant material, counter-evidence.","KoD Signals + Futures, field notes, annual research agenda.","Scanning is collection, not interpretation. Preserve source dates and provenance.",Method bank
SDM-002,Signals / Weak Signals,"Captures small, early, or unusual observations that may indicate a larger change if independently repeated.","Early change detection and watchlists.","Dated evidence, source diversity, explicit confidence level, contradictory evidence.","AI, cultural roles, archives, climate adaptation, institutions.","A signal is not a trend. Require repeated independent evidence before promotion.",Method bank
SDM-003,Drivers + Forces Mapping,"Separates larger forces from local expressions and asks what is exerting pressure on the system.","Understanding why change may occur and what may constrain it.","Signals, policy, demographics, technology, capital, culture, regulation.","Creative economy, design education, cultural institutions, cities.","Do not treat macro forces as deterministic; identify local mediators.",Method bank
SDM-004,Scenario Building,"Constructs multiple plausible future conditions around a question rather than assuming one forecast.","Testing uncertainty, institutional choices, cultural change, and alternative pathways.","Signals, coded findings, external research, explicit assumptions, counter-evidence.","Future KoD research questions, cultural systems, cities, education, institutions.","A scenario is not a prediction. Keep assumptions and evidence visible.",Method bank
SDM-005,Scenario Matrix,"Uses two high-impact uncertainties to create contrasting worlds that expose different implications.","When uncertainty is high and a team needs more than one plausible future.","Two defensible uncertainties, evidence for each, scenario logic.","Institutional strategy, future roles, education, cultural policy.","Avoid choosing axes only because they produce dramatic quadrants.",Method bank
SDM-006,Futures Wheel,"Traces first-, second-, and third-order consequences of a change to expose indirect effects.","Exploring ripple effects and hidden dependencies.","Defined change, evidence base, participant reasoning, documented assumptions.","AI, new cultural roles, climate, archives, public programs.","Consequences are hypotheses until tested.",Method bank
SDM-007,Design Fiction,"Uses a designed narrative, document, service, interface, or situation from a possible future to make consequences easier to examine.","Exploring how a future condition might feel, operate, or create new behavior.","Traceable evidence base plus clearly marked fictional assumptions.","Research communication, workshops, exhibitions, publications, KoD Connect.","Do not present fictional elements as observed reality.",Method bank
SDM-008,Speculative Objects / Props,"Creates a tangible or visual object from a possible future so people can react to something concrete.","Testing values, desirability, trust, rituals, access, and institutional behavior.","Research question, evidence base, scenario context, intended audience.","Objects, documents, service artifacts, future tools, exhibition pieces.","The object is a research prompt, not proof that the future will happen.",Method bank
SDM-009,Counterfactuals,"Changes one important condition and asks what else would have to change with it.","Stress-testing assumptions and revealing dependencies inside a system.","Current-state evidence, one explicit changed condition, limits.","Policy, cultural systems, program design, institutional models.","Change one condition clearly; avoid fantasy chains with no evidence anchor.",Method bank
SDM-010,Backcasting,"Starts from a defined future condition and works backward to identify the decisions, capacities, evidence, and transitions required.","Turning a desired future into a sequence of testable present-day requirements.","Defined future condition, current baseline, constraints, milestones.","KoD program development, research agendas, institution-building questions.","The future condition must be explicit and should not be treated as inevitable.",Method bank
SDM-011,Future Roles / Personas,"Explores roles, responsibilities, skills, and tensions that could emerge under changing cultural or technological conditions.","Investigating new professions, institutional capabilities, and changing expertise.","Role signals, job data, participant evidence, sector research.","New cultural roles, design-adjacent professions, AI, accessibility, archives.","Use real evidence to ground the role; do not invent market prevalence.",Method bank
SDM-012,Causal Layered Analysis,"Examines a question at multiple levels: visible issue, systems/causes, worldview, and deeper metaphor or narrative.","When a question is culturally loaded or repeatedly framed too narrowly.","Evidence at each layer; competing interpretations; explicit framing.","Cultural identity, design education, public value, institutional narratives.","Do not treat one worldview as the hidden truth; compare multiple readings.",Method bank
SDM-013,Research Through Making,"Uses prototypes and acts of making as a way to generate knowledge that discussion alone may not reveal.","Material judgment, process knowledge, tacit knowledge, interaction, experimentation.","Research question, prototype log, participant reflection, observed decisions.","Labs, workshops, material studies, cross-disciplinary experiments.","Document what the making process revealed and what it did not.",Method bank
SDM-014,Wind Tunneling / Stress Test,"Tests a strategy, program, role, or proposition against several scenarios to see where it holds or breaks.","Strategy robustness and institutional planning.","Scenario set, explicit criteria, existing plan or proposition.","KoD Connect, institutional models, future publication proposals.","A robust option is not automatically the preferred option; values still matter.",Method bank
