name,description,url,status,last_checked,audit_note,previous_url
ADPList,"ADPList’s mission is to democratize mentorships for all. We're a platform for people to find, book and meet mentors around the world.",https://adplist.org/,Verified,2026-09-30,Current resource confirmed during 2026 audit.,
Advanced Design,"a community where designers can share, educate, learn, and connect. ",https://advdes.org/,Verified,2026-09-30,Current resource confirmed during 2026 audit.,
AIGA,"AIGA brings design to the world, and the world to designers.",https://www.aiga.org/,Verified,2026-09-30,Current resource confirmed during 2026 audit.,
AIGA Design Educators Community,"AIGA Design Educators Community (DEC) seeks to enhance the abilities of design educators and educational institutions to prepare future designers for excellence in design practice, design theory and design writing at the undergraduate and graduate levels while supporting the fundamental mission of AIGA.",https://educators.aiga.org/,Verified,2026-09-30,Current resource confirmed during 2026 audit.,
Association of Illustrators,"The AOI provides contract and business support to illustrators. We champion the rights of illustrators, and run competitions and events.",https://theaoi.com/,Verified,2026-09-30,Current resource confirmed during 2026 audit.,
B Lab,"A nonprofit network transforming the global economy to benefit all people, communities, and the planet.",https://www.bcorporation.net/en-us/,Updated URL,2026-09-30,Original URL redirects to current B Lab home.,https://www.bcorporation.net/
Blush Design,"We believe that everyone has creative talent hidden within them. It's our mission to help people discover their superpower.",https://blog.blush.design/,Updated URL,2026-09-30,Blog now uses blog.blush.design.,https://blush.design/blog
Board of Innovation,"We created the world’s largest open-source innovation toolbox to help you make what life needs next.",https://www.boardofinnovation.com/tools/,Updated URL,2026-09-30,Original redirects to current tools page.,https://boardofinnovation.com/tools
Brandie's Personal Twitter Design List,"This is a growing list of busiesses and people in the design industry. ",https://twitter.com/i/lists/1196601373632212992,Manual check,2026-09-30,X/Twitter blocks automated verification; keep until manually confirmed while X is checked.,
Checklist Design,A collection of the best design practices.,https://www.checklist.design/,Verified,2026-09-30,Current resource confirmed during 2026 audit.,
Co. Design,,https://www.fastcompany.com/co-design,Verified,2026-09-30,Current resource confirmed during 2026 audit.,
d.mba,"The d.MBA is a collective of purposeful design leaders who aim to run more balanced organizations. We believe in a different business world, by design. ",https://d.mba/,Verified,2026-09-30,Current resource confirmed during 2026 audit.,
D&AD,"An educational charity that represents the global creative, design and advertising communities.",https://www.dandad.org/,Verified,2026-09-30,Current resource confirmed during 2026 audit.,
Danish Design Center,"Using design as a method and mindset, we’ve worked with thousands of companies and organizations to focus their innovation efforts by enabling them to do what designers do best.",https://ddc.dk/,Verified,2026-09-30,Current resource confirmed during 2026 audit.,
Design Better,Essential reading on the practices that propel the best design teams forward.,https://designbetter.com/,Updated URL,2026-09-30,Original .co address redirects to .com.,https://www.designbetter.co/
Design Council,"Design Council’s purpose is to make life better by design.",https://www.designcouncil.org.uk/,Verified,2026-09-30,Current resource confirmed during 2026 audit.,
Design History Society,"Founded in 1977, the Design History Society works internationally to promote and support the study and understanding of design history.",https://www.designhistorysociety.org/,Verified,2026-09-30,Current resource confirmed during 2026 audit.,
Design Incubation,Research in Communication Design,https://designincubation.com/,Verified,2026-09-30,Current resource confirmed during 2026 audit.,
Design Principles,A place to learn about and create Design Principles.,https://principles.design/,Verified,2026-09-30,Current resource confirmed during 2026 audit.,
Design Research Society,"Design Research Society (DRS) is a learned society committed to promoting and developing design research. It is the longest established, multi-disciplinary worldwide society for the design research community and aims to promote the study of and research into the process of designing in all its many fields.",https://www.designresearchsociety.org/,Verified,2026-09-30,Current resource confirmed during 2026 audit.,
Design Singapore,"As Singapore's national agency for design, we champion the use of design to grow business, spur innovation, and improve lives.",https://designsingapore.org/,Updated URL,2026-09-30,Canonical site now uses designSingapore.org without www.,https://www.designsingapore.org/
Design System Checklist,"We’ve been working on design systems for a long time. And we’ve spotted the similarities they all share. This website is a collection of best practices to help you build extensive and robust design systems wherever you work.",https://www.designsystemchecklist.com/,Verified,2026-09-30,Current resource confirmed during 2026 audit.,
Design System News,"A publication full of interesting, relevant, and curated links.",https://news.design.systems/,Verified,2026-09-30,Current resource confirmed during 2026 audit.,
Design Tactics,A monthly series highlighting practical tactics for product designers,https://ridd.substack.com/,Updated URL,2026-09-30,Revue was discontinued; Design Tactics continues on Substack.,https://www.getrevue.co/profile/ridd
Designer Fund,We back exceptional founders and empower them with design to improve the world.,https://designerfund.com/,Updated URL,2026-09-30,Canonical URL now omits www.,https://www.designerfund.com/
DMI,"The premier global (non-profit) organization that connects, promotes, and elevates the role of Design, Design Management and Design Innovation in business, culture and society.",https://www.dmi.org/,Verified,2026-09-30,Current resource confirmed during 2026 audit.,
Echos,Echos is an innovation lab that believes design has the power to create desirable futures.,https://learn.schoolofdesignthinking.echos.cc/,Updated URL,2026-09-30,Current indexed Echos learning page.,https://schoolofdesignthinking.echos.cc/
Fake Clients,"FakeClients.com has now grown significantly and currently has thousands of monthly users that are eager to learn more about design and how to improve their work. Many users have made great improvements in their work just by using FakeClients and the feedback that was given to them.",https://fakeclients.com/,Verified,2026-09-30,Current resource confirmed during 2026 audit.,
Future London Academy,An Executive School for Creatives.,https://futurelondonacademy.co.uk/,Verified,2026-09-30,Current resource confirmed during 2026 audit.,
General Assembly,A Leader in Education,https://generalassemb.ly/education?dateType=any&event=true&format=classes-workshops&topic=4&workshop=true,Verified,2026-09-30,Current resource confirmed during 2026 audit.,
Good Brief,A random generator for design briefs.,https://goodbrief.io/,Verified,2026-09-30,Current resource confirmed during 2026 audit.,
IDEOU,"IDEO U is an online school where leaders can unlock their creative potential and build their problem-solving skills.",https://www.ideou.com/pages/design-thinking-resources,Verified,2026-09-30,Current resource confirmed during 2026 audit.,
If You Could,The place to find and post creative jobs.,https://www.ifyoucouldjobs.com/,Verified,2026-09-30,Current resource confirmed during 2026 audit.,
intoux design,All-in-one-place resources to kickstart your UX career.,https://www.intoux.design/,Verified,2026-09-30,Current resource confirmed during 2026 audit.,
New Designers,"Connects talented design graduates with businesses looking to bring in new design thinking; buyers looking to source the most innovative craft and design; and aspiring students with the widest range of design courses available to explore.",https://www.newdesigners.com/,Verified,2026-09-30,Current resource confirmed during 2026 audit.,
Notably,"An all-in-one research platform that helps teams collect, analyze, and share qualitative research.",https://www.notably.ai/,Updated URL,2026-09-30,Use current product home rather than the older blog path.,https://www.notably.ai/blog
Practice of Architecture,"The Practice of Architecture helps individuals and firms identify opportunities for leadership & growth, building careers & practices that prosper in today's changing world.",https://practiceofarchitecture.com/,Verified,2026-09-30,Current resource confirmed during 2026 audit.,
Right Aligned Academy,Empowering Events Demystifying Design.,https://rightalignedacademy.com/,Updated URL,2026-09-30,Right Aligned now operates as Right Aligned Academy.,https://www.rightalignedevents.co.uk/
Sharpen,"A free design challenge generator used by tens of thousands of designers and educators worldwide to practice and teach graphic design, UX, branding, and more.",https://sharpen.design/,Verified,2026-09-30,Current resource confirmed during 2026 audit.,
SEGD,"SEGD exists to educate, connect and inspire the global, multidisciplinary community of professionals creating experiences that connect people to place.",https://segd.org/,Verified,2026-09-30,Current resource confirmed during 2026 audit.,
SuperFriendly,Delivers digital transformation through design system coaching & practice.,https://superfriendlydesign.systems/,Updated URL,2026-09-30,Dedicated current SuperFriendly design-systems site.,https://superfriendly.com/design-systems/
The American Institute of Architects,We advocate for the value of architecture and give architects the resources they need to do their best work. Our work drives positive change through the power of design.,https://www.aia.org/,Verified,2026-09-30,Current resource confirmed during 2026 audit.,
The Design Kids,"TDK (The Design Kids) is a global online resource and local offline communities around the world, for thousands of student and graduate graphic designers. We aim to educate, inspire and connect you to the design industry.",https://thedesignkids.org/,Verified,2026-09-30,Current resource confirmed during 2026 audit.,
The Design Society,"The Design Society is an association of individuals across the world, who deeply care about design",https://www.designsociety.org/,Verified,2026-09-30,Current resource confirmed during 2026 audit.,
The Dots,Professional networking for the new world of work. Get advice. Meet collaborators. Find jobs. Upskill at events.,https://the-dots.com/,Verified,2026-09-30,Current resource confirmed during 2026 audit.,
Industrial Designers Society of America (IDSA),"The IDSA community helps strengthen the industrial design profession as a whole and contributes to the boundless impact of design within business, culture, and society.",https://www.idsa.org/,Verified,2026-09-30,Current resource confirmed during 2026 audit.,
International Interior Design Association (IIDA),"A professional networking and educational association around the world committed to enhancing the quality of life through excellence in interior design and advancing interior design through knowledge.",https://iida.org/,Verified,2026-09-30,Current resource confirmed during 2026 audit.,
The Moment,"An Innovation and Service Design company that helps government teams, not-for-profits, institutions, and aligned companies solve today’s complex challenges while innovating for the future.",https://www.themoment.is/,Verified,2026-09-30,Current resource confirmed during 2026 audit.,
The One Club,The One Club for Creativity exists to support and celebrate the success of the global creative community.,https://www.oneclub.org/,Verified,2026-09-30,Current resource confirmed during 2026 audit.,
The Pitch Canvas,"A brainstorming tool to help entrepreneurs think through their pitch to investors, partners and customers.",https://best3minutes.com/the-pitch-canvas/,Updated URL,2026-09-30,Current official Pitch Canvas page by creator David Beckett.,https://www.boardle.io/boards/the-pitch-canvas
The Royal Institute of British Architects,A global professional membership body driving excellence in architecture.,https://www.riba.org/,Updated URL,2026-09-30,architecture.com redirects to the current RIBA site.,https://www.architecture.com/
The Swiss Innovation Academy,To make innovation skills simple and accessible to everyone.,https://store.swissinnovation.academy/,Verified,2026-09-30,Current resource confirmed during 2026 audit.,
Uneed,"The best tools of the internet, curated by hand daily.",https://www.uneed.best/,Verified,2026-09-30,Current resource confirmed during 2026 audit.,
UXtweak,"The only UX research platform you need. Powerful research tools for improving usability of web sites and apps, from prototypes to production.",https://www.uxtweak.com/,Verified,2026-09-30,Current resource confirmed during 2026 audit.,
World Design Organization,"We advocate for Design for a Better World, promoting and sharing knowledge of industrial design-driven innovation that enhances the economic, social, cultural, and environmental quality of life.",https://wdo.org/,Verified,2026-09-30,Current resource confirmed during 2026 audit.,
ML+ DESIGN,"A collection of resources for intersection of design, user experience, machine learning and artificial intelligence",https://machinelearning.design/,Verified,2026-09-30,Current resource confirmed during 2026 audit.,
